,repository_name,language
0,.github,
1,aegisthus,Java
2,af_tsa,C
3,aminator,Python
4,archaius,Java
5,asf-rez-fork,Python
6,asgard,Groovy
7,astyanax,Java
8,atlas,Scala
9,atlas-docs,Python
10,aws-autoscaling,Shell
11,awsobjectmapper,Groovy
12,batch_request_api,Ruby
13,batch_request_client,Ruby
14,bbparse,C
15,bettertls,Go
16,blesk,JavaScript
17,bless,Python
18,blitz4j,Java
19,bpftop,C
20,brutal,Python
21,cachemover,C++
22,CassJMeter,Java
23,chaosmonkey,Go
24,Cloud-Prize,
25,clove,Python
26,codec_compare,Python
27,concurrency-limits,Java
28,conductor,Java
29,conductor-community,Java
